classification,country,risk_class,implanted,distributed_to,manufacturer_id,name,description,device_id,name_length,description_length,target
Diagnostic Devices,India,3,No,Hospitals,14,Device 0,Medical equipment,1,8,17,0
Cardiovascular Devices,India,3,Yes,Hospitals,14,Device 1,Medical equipment,2,8,17,0
Diagnostic Devices,UK,3,Yes,Clinics,10,Device 2,Medical equipment,3,8,17,0
Diagnostic Devices,India,3,Yes,Clinics,2,Device 3,Medical equipment,4,8,17,0
Cardiovascular Devices,USA,1,Yes,Hospitals,14,Device 4,Medical equipment,5,8,17,0
Cardiovascular Devices,USA,3,Yes,Clinics,9,Device 5,Medical equipment,6,8,17,0
Diagnostic Devices,USA,2,No,Clinics,3,Device 6,Medical equipment,7,8,17,0
Respiratory Devices,UK,2,Yes,Clinics,8,Device 7,Medical equipment,8,8,17,0
Diagnostic Devices,India,3,Yes,Hospitals,16,Device 8,Medical equipment,9,8,17,0
Diagnostic Devices,USA,3,Yes,Clinics,2,Device 9,Medical equipment,10,8,17,0
Diagnostic Devices,UK,2,Yes,Clinics,6,Device 10,Medical equipment,11,9,17,0
Diagnostic Devices,India,2,No,Hospitals,12,Device 11,Medical equipment,12,9,17,0
Cardiovascular Devices,UK,1,No,Hospitals,5,Device 12,Medical equipment,13,9,17,0
Diagnostic Devices,USA,2,No,Clinics,2,Device 13,Medical equipment,14,9,17,0
Respiratory Devices,USA,2,No,Clinics,16,Device 14,Medical equipment,15,9,17,1
Cardiovascular Devices,USA,3,Yes,Hospitals,5,Device 15,Medical equipment,16,9,17,0
Respiratory Devices,UK,2,No,Hospitals,15,Device 16,Medical equipment,17,9,17,1
Respiratory Devices,UK,1,Yes,Clinics,12,Device 17,Medical equipment,18,9,17,0
Respiratory Devices,USA,2,Yes,Clinics,4,Device 18,Medical equipment,19,9,17,0
Respiratory Devices,UK,3,Yes,Clinics,15,Device 19,Medical equipment,20,9,17,1
Cardiovascular Devices,USA,3,Yes,Clinics,11,Device 20,Medical equipment,21,9,17,1
Cardiovascular Devices,USA,2,Yes,Hospitals,16,Device 21,Medical equipment,22,9,17,0
Respiratory Devices,India,3,No,Clinics,6,Device 22,Medical equipment,23,9,17,0
Respiratory Devices,UK,1,No,Clinics,14,Device 23,Medical equipment,24,9,17,1
Cardiovascular Devices,USA,1,No,Hospitals,18,Device 24,Medical equipment,25,9,17,0
Cardiovascular Devices,USA,2,No,Clinics,12,Device 25,Medical equipment,26,9,17,0
Cardiovascular Devices,UK,2,Yes,Hospitals,11,Device 26,Medical equipment,27,9,17,0
Diagnostic Devices,India,2,No,Clinics,13,Device 27,Medical equipment,28,9,17,1
Diagnostic Devices,India,3,Yes,Clinics,11,Device 28,Medical equipment,29,9,17,0
Diagnostic Devices,USA,1,No,Hospitals,16,Device 29,Medical equipment,30,9,17,0
Respiratory Devices,UK,1,Yes,Hospitals,15,Device 30,Medical equipment,31,9,17,0
Diagnostic Devices,India,3,Yes,Clinics,15,Device 31,Medical equipment,32,9,17,0
Respiratory Devices,UK,1,No,Clinics,4,Device 32,Medical equipment,33,9,17,0
Respiratory Devices,UK,2,Yes,Clinics,11,Device 33,Medical equipment,34,9,17,0
Diagnostic Devices,USA,2,Yes,Hospitals,19,Device 34,Medical equipment,35,9,17,1
Respiratory Devices,India,2,No,Clinics,15,Device 35,Medical equipment,36,9,17,0
Diagnostic Devices,USA,1,Yes,Hospitals,4,Device 36,Medical equipment,37,9,17,0
Diagnostic Devices,India,2,No,Hospitals,13,Device 37,Medical equipment,38,9,17,1
Cardiovascular Devices,India,3,No,Clinics,19,Device 38,Medical equipment,39,9,17,0
Diagnostic Devices,India,3,No,Hospitals,2,Device 39,Medical equipment,40,9,17,1
Cardiovascular Devices,India,1,Yes,Clinics,14,Device 40,Medical equipment,41,9,17,1
Diagnostic Devices,India,3,Yes,Clinics,4,Device 41,Medical equipment,42,9,17,0
Diagnostic Devices,UK,3,Yes,Clinics,16,Device 42,Medical equipment,43,9,17,0
Cardiovascular Devices,USA,1,No,Clinics,14,Device 43,Medical equipment,44,9,17,1
Cardiovascular Devices,UK,2,Yes,Clinics,15,Device 44,Medical equipment,45,9,17,0
Diagnostic Devices,India,2,No,Hospitals,3,Device 45,Medical equipment,46,9,17,0
Respiratory Devices,USA,2,No,Hospitals,8,Device 46,Medical equipment,47,9,17,1
Cardiovascular Devices,India,1,Yes,Clinics,16,Device 47,Medical equipment,48,9,17,0
Respiratory Devices,USA,3,No,Clinics,10,Device 48,Medical equipment,49,9,17,1
Respiratory Devices,UK,2,Yes,Hospitals,4,Device 49,Medical equipment,50,9,17,0
Respiratory Devices,USA,2,Yes,Hospitals,18,Device 50,Medical equipment,51,9,17,0
Cardiovascular Devices,USA,1,Yes,Hospitals,2,Device 51,Medical equipment,52,9,17,0
Respiratory Devices,USA,2,Yes,Hospitals,17,Device 52,Medical equipment,53,9,17,0
Cardiovascular Devices,USA,1,Yes,Clinics,13,Device 53,Medical equipment,54,9,17,0
Respiratory Devices,USA,3,No,Clinics,4,Device 54,Medical equipment,55,9,17,1
Diagnostic Devices,India,1,No,Hospitals,11,Device 55,Medical equipment,56,9,17,0
Diagnostic Devices,USA,1,No,Clinics,7,Device 56,Medical equipment,57,9,17,1
Cardiovascular Devices,USA,1,Yes,Hospitals,12,Device 57,Medical equipment,58,9,17,0
Diagnostic Devices,UK,1,Yes,Clinics,10,Device 58,Medical equipment,59,9,17,1
Diagnostic Devices,USA,3,Yes,Hospitals,7,Device 59,Medical equipment,60,9,17,0
Respiratory Devices,UK,3,No,Clinics,13,Device 60,Medical equipment,61,9,17,1
Cardiovascular Devices,India,2,Yes,Hospitals,7,Device 61,Medical equipment,62,9,17,1
Respiratory Devices,USA,3,No,Hospitals,17,Device 62,Medical equipment,63,9,17,1
Respiratory Devices,UK,3,No,Clinics,10,Device 63,Medical equipment,64,9,17,1
Respiratory Devices,UK,2,Yes,Hospitals,10,Device 64,Medical equipment,65,9,17,0
Respiratory Devices,India,3,Yes,Clinics,4,Device 65,Medical equipment,66,9,17,0
Respiratory Devices,USA,1,No,Clinics,4,Device 66,Medical equipment,67,9,17,0
Respiratory Devices,USA,1,Yes,Hospitals,7,Device 67,Medical equipment,68,9,17,1
Respiratory Devices,UK,2,No,Clinics,1,Device 68,Medical equipment,69,9,17,0
Cardiovascular Devices,USA,2,Yes,Clinics,12,Device 69,Medical equipment,70,9,17,1
Diagnostic Devices,UK,2,Yes,Clinics,13,Device 70,Medical equipment,71,9,17,0
Respiratory Devices,USA,1,No,Clinics,10,Device 71,Medical equipment,72,9,17,1
Respiratory Devices,UK,3,Yes,Clinics,15,Device 72,Medical equipment,73,9,17,0
Respiratory Devices,USA,1,No,Hospitals,13,Device 73,Medical equipment,74,9,17,0
Respiratory Devices,India,2,Yes,Clinics,9,Device 74,Medical equipment,75,9,17,1
Respiratory Devices,USA,3,No,Clinics,9,Device 75,Medical equipment,76,9,17,0
Respiratory Devices,USA,3,No,Clinics,15,Device 76,Medical equipment,77,9,17,0
Diagnostic Devices,India,1,Yes,Clinics,10,Device 77,Medical equipment,78,9,17,1
Diagnostic Devices,USA,2,No,Clinics,10,Device 78,Medical equipment,79,9,17,1
Respiratory Devices,India,1,Yes,Hospitals,8,Device 79,Medical equipment,80,9,17,0
Diagnostic Devices,USA,3,Yes,Clinics,16,Device 80,Medical equipment,81,9,17,1
Cardiovascular Devices,UK,1,Yes,Hospitals,17,Device 81,Medical equipment,82,9,17,1
Respiratory Devices,UK,1,No,Hospitals,5,Device 82,Medical equipment,83,9,17,1
Cardiovascular Devices,USA,2,No,Hospitals,4,Device 83,Medical equipment,84,9,17,0
Cardiovascular Devices,USA,2,Yes,Hospitals,18,Device 84,Medical equipment,85,9,17,0
Respiratory Devices,USA,3,Yes,Clinics,19,Device 85,Medical equipment,86,9,17,1
Diagnostic Devices,UK,1,No,Hospitals,4,Device 86,Medical equipment,87,9,17,0
Cardiovascular Devices,USA,1,Yes,Hospitals,7,Device 87,Medical equipment,88,9,17,0
Respiratory Devices,UK,1,Yes,Clinics,10,Device 88,Medical equipment,89,9,17,1
Cardiovascular Devices,India,3,No,Clinics,18,Device 89,Medical equipment,90,9,17,1
Cardiovascular Devices,UK,3,Yes,Clinics,19,Device 90,Medical equipment,91,9,17,0
Cardiovascular Devices,UK,2,No,Hospitals,4,Device 91,Medical equipment,92,9,17,1
Cardiovascular Devices,India,2,Yes,Clinics,10,Device 92,Medical equipment,93,9,17,0
Diagnostic Devices,UK,2,No,Clinics,1,Device 93,Medical equipment,94,9,17,0
Cardiovascular Devices,USA,1,Yes,Hospitals,18,Device 94,Medical equipment,95,9,17,0
Cardiovascular Devices,USA,1,Yes,Clinics,5,Device 95,Medical equipment,96,9,17,0
Cardiovascular Devices,UK,2,No,Clinics,15,Device 96,Medical equipment,97,9,17,0
Diagnostic Devices,USA,1,Yes,Clinics,17,Device 97,Medical equipment,98,9,17,0
Cardiovascular Devices,UK,2,No,Clinics,3,Device 98,Medical equipment,99,9,17,0
Cardiovascular Devices,USA,3,Yes,Hospitals,12,Device 99,Medical equipment,100,9,17,0
Diagnostic Devices,USA,2,No,Clinics,2,Device 100,Medical equipment,101,10,17,1
Diagnostic Devices,UK,3,No,Clinics,1,Device 101,Medical equipment,102,10,17,0
Diagnostic Devices,USA,1,No,Hospitals,17,Device 102,Medical equipment,103,10,17,0
Cardiovascular Devices,UK,2,No,Clinics,16,Device 103,Medical equipment,104,10,17,0
Diagnostic Devices,USA,1,Yes,Hospitals,5,Device 104,Medical equipment,105,10,17,0
Diagnostic Devices,USA,3,Yes,Clinics,15,Device 105,Medical equipment,106,10,17,0
Cardiovascular Devices,India,3,No,Hospitals,3,Device 106,Medical equipment,107,10,17,1
Diagnostic Devices,India,3,No,Hospitals,7,Device 107,Medical equipment,108,10,17,1
Cardiovascular Devices,UK,1,No,Hospitals,11,Device 108,Medical equipment,109,10,17,1
Respiratory Devices,India,1,Yes,Hospitals,10,Device 109,Medical equipment,110,10,17,1
Diagnostic Devices,UK,1,Yes,Clinics,9,Device 110,Medical equipment,111,10,17,0
Respiratory Devices,India,1,Yes,Hospitals,14,Device 111,Medical equipment,112,10,17,0
Cardiovascular Devices,USA,3,Yes,Clinics,13,Device 112,Medical equipment,113,10,17,0
Diagnostic Devices,UK,3,No,Hospitals,2,Device 113,Medical equipment,114,10,17,0
Cardiovascular Devices,UK,2,No,Hospitals,3,Device 114,Medical equipment,115,10,17,1
Respiratory Devices,USA,2,No,Hospitals,7,Device 115,Medical equipment,116,10,17,1
Cardiovascular Devices,UK,1,Yes,Clinics,18,Device 116,Medical equipment,117,10,17,1
Diagnostic Devices,UK,3,Yes,Hospitals,3,Device 117,Medical equipment,118,10,17,0
Diagnostic Devices,India,3,Yes,Clinics,10,Device 118,Medical equipment,119,10,17,0
Respiratory Devices,UK,3,No,Clinics,7,Device 119,Medical equipment,120,10,17,1
Cardiovascular Devices,USA,2,No,Clinics,9,Device 120,Medical equipment,121,10,17,0
Diagnostic Devices,India,2,Yes,Clinics,17,Device 121,Medical equipment,122,10,17,1
Respiratory Devices,India,3,No,Clinics,11,Device 122,Medical equipment,123,10,17,0
Diagnostic Devices,USA,3,Yes,Clinics,7,Device 123,Medical equipment,124,10,17,1
Diagnostic Devices,USA,3,Yes,Clinics,14,Device 124,Medical equipment,125,10,17,0
Cardiovascular Devices,India,2,No,Clinics,19,Device 125,Medical equipment,126,10,17,0
Diagnostic Devices,UK,3,Yes,Clinics,4,Device 126,Medical equipment,127,10,17,0
Cardiovascular Devices,India,3,No,Hospitals,6,Device 127,Medical equipment,128,10,17,1
Diagnostic Devices,USA,1,Yes,Hospitals,10,Device 128,Medical equipment,129,10,17,1
Respiratory Devices,India,1,No,Hospitals,7,Device 129,Medical equipment,130,10,17,0
Diagnostic Devices,USA,2,No,Hospitals,13,Device 130,Medical equipment,131,10,17,0
Cardiovascular Devices,India,3,No,Hospitals,14,Device 131,Medical equipment,132,10,17,0
Cardiovascular Devices,UK,3,Yes,Clinics,4,Device 132,Medical equipment,133,10,17,0
Respiratory Devices,India,1,Yes,Clinics,8,Device 133,Medical equipment,134,10,17,0
Diagnostic Devices,India,2,No,Clinics,5,Device 134,Medical equipment,135,10,17,0
Diagnostic Devices,USA,1,No,Clinics,1,Device 135,Medical equipment,136,10,17,0
Respiratory Devices,USA,1,Yes,Clinics,4,Device 136,Medical equipment,137,10,17,1
Diagnostic Devices,USA,1,Yes,Clinics,3,Device 137,Medical equipment,138,10,17,1
Diagnostic Devices,India,1,Yes,Clinics,9,Device 138,Medical equipment,139,10,17,0
Cardiovascular Devices,UK,3,No,Hospitals,8,Device 139,Medical equipment,140,10,17,0
Diagnostic Devices,USA,3,Yes,Hospitals,1,Device 140,Medical equipment,141,10,17,0
Diagnostic Devices,USA,1,Yes,Hospitals,6,Device 141,Medical equipment,142,10,17,1
Respiratory Devices,India,2,No,Hospitals,9,Device 142,Medical equipment,143,10,17,1
Respiratory Devices,USA,2,Yes,Clinics,7,Device 143,Medical equipment,144,10,17,0
Cardiovascular Devices,UK,2,Yes,Clinics,4,Device 144,Medical equipment,145,10,17,0
Diagnostic Devices,UK,2,Yes,Clinics,13,Device 145,Medical equipment,146,10,17,1
Diagnostic Devices,USA,1,No,Hospitals,17,Device 146,Medical equipment,147,10,17,1
Diagnostic Devices,USA,3,No,Clinics,2,Device 147,Medical equipment,148,10,17,1
Cardiovascular Devices,India,2,No,Clinics,5,Device 148,Medical equipment,149,10,17,1
Cardiovascular Devices,UK,1,No,Clinics,12,Device 149,Medical equipment,150,10,17,0
Respiratory Devices,UK,2,No,Hospitals,8,Device 150,Medical equipment,151,10,17,0
Cardiovascular Devices,USA,2,No,Clinics,6,Device 151,Medical equipment,152,10,17,1
Diagnostic Devices,India,1,No,Hospitals,8,Device 152,Medical equipment,153,10,17,0
Diagnostic Devices,UK,3,Yes,Hospitals,18,Device 153,Medical equipment,154,10,17,1
Cardiovascular Devices,UK,3,Yes,Hospitals,3,Device 154,Medical equipment,155,10,17,1
Diagnostic Devices,India,1,No,Hospitals,12,Device 155,Medical equipment,156,10,17,1
Diagnostic Devices,India,3,Yes,Clinics,3,Device 156,Medical equipment,157,10,17,1
Cardiovascular Devices,UK,1,Yes,Hospitals,6,Device 157,Medical equipment,158,10,17,1
Cardiovascular Devices,UK,1,No,Hospitals,2,Device 158,Medical equipment,159,10,17,0
Diagnostic Devices,India,1,Yes,Clinics,12,Device 159,Medical equipment,160,10,17,0
Diagnostic Devices,UK,3,Yes,Clinics,2,Device 160,Medical equipment,161,10,17,0
Diagnostic Devices,USA,1,Yes,Hospitals,6,Device 161,Medical equipment,162,10,17,0
Respiratory Devices,USA,2,Yes,Clinics,17,Device 162,Medical equipment,163,10,17,0
Respiratory Devices,India,3,Yes,Hospitals,3,Device 163,Medical equipment,164,10,17,0
Respiratory Devices,India,3,No,Hospitals,2,Device 164,Medical equipment,165,10,17,0
Cardiovascular Devices,India,3,No,Hospitals,8,Device 165,Medical equipment,166,10,17,0
Respiratory Devices,USA,3,No,Hospitals,12,Device 166,Medical equipment,167,10,17,0
Cardiovascular Devices,UK,2,Yes,Clinics,4,Device 167,Medical equipment,168,10,17,0
Cardiovascular Devices,USA,3,No,Hospitals,5,Device 168,Medical equipment,169,10,17,0
Respiratory Devices,UK,3,Yes,Clinics,13,Device 169,Medical equipment,170,10,17,0
Respiratory Devices,USA,1,Yes,Clinics,15,Device 170,Medical equipment,171,10,17,0
Respiratory Devices,UK,3,Yes,Clinics,16,Device 171,Medical equipment,172,10,17,0
Diagnostic Devices,USA,2,Yes,Clinics,10,Device 172,Medical equipment,173,10,17,1
Respiratory Devices,India,2,No,Hospitals,16,Device 173,Medical equipment,174,10,17,1
Diagnostic Devices,USA,2,No,Clinics,12,Device 174,Medical equipment,175,10,17,0
Cardiovascular Devices,UK,2,Yes,Hospitals,17,Device 175,Medical equipment,176,10,17,0
Diagnostic Devices,USA,3,No,Clinics,16,Device 176,Medical equipment,177,10,17,0
Respiratory Devices,USA,3,Yes,Clinics,12,Device 177,Medical equipment,178,10,17,1
Cardiovascular Devices,USA,2,No,Hospitals,8,Device 178,Medical equipment,179,10,17,1
Cardiovascular Devices,India,2,No,Hospitals,3,Device 179,Medical equipment,180,10,17,0
Cardiovascular Devices,USA,3,Yes,Hospitals,16,Device 180,Medical equipment,181,10,17,0
Diagnostic Devices,India,2,No,Clinics,13,Device 181,Medical equipment,182,10,17,1
Respiratory Devices,India,1,Yes,Clinics,19,Device 182,Medical equipment,183,10,17,1
Cardiovascular Devices,USA,2,No,Hospitals,8,Device 183,Medical equipment,184,10,17,0
Cardiovascular Devices,USA,2,Yes,Hospitals,5,Device 184,Medical equipment,185,10,17,0
Cardiovascular Devices,USA,1,Yes,Hospitals,8,Device 185,Medical equipment,186,10,17,1
Diagnostic Devices,UK,1,No,Hospitals,12,Device 186,Medical equipment,187,10,17,0
Diagnostic Devices,USA,3,No,Clinics,1,Device 187,Medical equipment,188,10,17,1
Respiratory Devices,India,3,Yes,Hospitals,6,Device 188,Medical equipment,189,10,17,0
Diagnostic Devices,USA,1,No,Hospitals,18,Device 189,Medical equipment,190,10,17,1
Cardiovascular Devices,UK,1,No,Hospitals,8,Device 190,Medical equipment,191,10,17,0
Respiratory Devices,USA,3,Yes,Hospitals,7,Device 191,Medical equipment,192,10,17,0
Cardiovascular Devices,UK,2,Yes,Clinics,1,Device 192,Medical equipment,193,10,17,0
Cardiovascular Devices,UK,1,No,Hospitals,16,Device 193,Medical equipment,194,10,17,0
Diagnostic Devices,USA,3,Yes,Clinics,12,Device 194,Medical equipment,195,10,17,0
Respiratory Devices,India,2,Yes,Hospitals,6,Device 195,Medical equipment,196,10,17,0
Diagnostic Devices,UK,1,Yes,Hospitals,2,Device 196,Medical equipment,197,10,17,0
Diagnostic Devices,USA,2,No,Clinics,14,Device 197,Medical equipment,198,10,17,1
Respiratory Devices,USA,3,No,Hospitals,4,Device 198,Medical equipment,199,10,17,0
Cardiovascular Devices,India,1,Yes,Clinics,1,Device 199,Medical equipment,200,10,17,0
Cardiovascular Devices,UK,2,No,Clinics,18,Device 200,Medical equipment,201,10,17,1
Respiratory Devices,UK,1,Yes,Hospitals,13,Device 201,Medical equipment,202,10,17,0
Cardiovascular Devices,USA,2,No,Clinics,2,Device 202,Medical equipment,203,10,17,0
Respiratory Devices,USA,3,Yes,Clinics,9,Device 203,Medical equipment,204,10,17,1
Respiratory Devices,India,3,Yes,Clinics,2,Device 204,Medical equipment,205,10,17,0
Diagnostic Devices,India,1,No,Clinics,9,Device 205,Medical equipment,206,10,17,0
Respiratory Devices,UK,2,Yes,Clinics,1,Device 206,Medical equipment,207,10,17,0
Diagnostic Devices,UK,1,No,Clinics,11,Device 207,Medical equipment,208,10,17,0
Cardiovascular Devices,USA,1,No,Clinics,3,Device 208,Medical equipment,209,10,17,0
Cardiovascular Devices,UK,2,Yes,Clinics,4,Device 209,Medical equipment,210,10,17,1
Cardiovascular Devices,India,2,Yes,Hospitals,18,Device 210,Medical equipment,211,10,17,0
Cardiovascular Devices,India,2,No,Hospitals,6,Device 211,Medical equipment,212,10,17,0
Diagnostic Devices,USA,3,Yes,Clinics,3,Device 212,Medical equipment,213,10,17,1
Cardiovascular Devices,India,1,Yes,Hospitals,11,Device 213,Medical equipment,214,10,17,0
Respiratory Devices,India,1,Yes,Clinics,15,Device 214,Medical equipment,215,10,17,0
Respiratory Devices,India,3,Yes,Clinics,5,Device 215,Medical equipment,216,10,17,0
Respiratory Devices,India,2,Yes,Hospitals,10,Device 216,Medical equipment,217,10,17,0
Diagnostic Devices,USA,3,No,Clinics,12,Device 217,Medical equipment,218,10,17,1
Cardiovascular Devices,USA,3,No,Clinics,15,Device 218,Medical equipment,219,10,17,0
Cardiovascular Devices,UK,3,Yes,Clinics,17,Device 219,Medical equipment,220,10,17,1
Cardiovascular Devices,India,1,Yes,Clinics,10,Device 220,Medical equipment,221,10,17,0
Diagnostic Devices,UK,3,Yes,Hospitals,6,Device 221,Medical equipment,222,10,17,0
Respiratory Devices,USA,1,No,Clinics,18,Device 222,Medical equipment,223,10,17,0
Respiratory Devices,USA,1,Yes,Clinics,13,Device 223,Medical equipment,224,10,17,0
Cardiovascular Devices,USA,1,No,Clinics,3,Device 224,Medical equipment,225,10,17,0
Respiratory Devices,USA,2,No,Hospitals,10,Device 225,Medical equipment,226,10,17,0
Respiratory Devices,USA,1,No,Clinics,14,Device 226,Medical equipment,227,10,17,1
Diagnostic Devices,USA,1,Yes,Hospitals,6,Device 227,Medical equipment,228,10,17,0
Diagnostic Devices,USA,2,No,Hospitals,3,Device 228,Medical equipment,229,10,17,0
Diagnostic Devices,India,1,Yes,Clinics,16,Device 229,Medical equipment,230,10,17,0
Diagnostic Devices,UK,3,No,Clinics,7,Device 230,Medical equipment,231,10,17,0
Cardiovascular Devices,USA,3,Yes,Hospitals,14,Device 231,Medical equipment,232,10,17,1
Diagnostic Devices,India,1,No,Clinics,9,Device 232,Medical equipment,233,10,17,0
Respiratory Devices,India,2,Yes,Hospitals,15,Device 233,Medical equipment,234,10,17,0
Cardiovascular Devices,UK,3,No,Hospitals,3,Device 234,Medical equipment,235,10,17,0
Respiratory Devices,USA,2,Yes,Clinics,2,Device 235,Medical equipment,236,10,17,0
Respiratory Devices,UK,2,Yes,Clinics,2,Device 236,Medical equipment,237,10,17,0
Respiratory Devices,USA,3,Yes,Hospitals,3,Device 237,Medical equipment,238,10,17,0
Diagnostic Devices,India,2,Yes,Hospitals,18,Device 238,Medical equipment,239,10,17,0
Diagnostic Devices,India,3,No,Hospitals,14,Device 239,Medical equipment,240,10,17,1
Cardiovascular Devices,India,2,No,Hospitals,18,Device 240,Medical equipment,241,10,17,0
Cardiovascular Devices,India,3,Yes,Clinics,10,Device 241,Medical equipment,242,10,17,0
Diagnostic Devices,UK,1,No,Clinics,2,Device 242,Medical equipment,243,10,17,1
Respiratory Devices,USA,3,Yes,Clinics,1,Device 243,Medical equipment,244,10,17,0
Cardiovascular Devices,USA,3,Yes,Clinics,4,Device 244,Medical equipment,245,10,17,1
Diagnostic Devices,UK,3,No,Clinics,14,Device 245,Medical equipment,246,10,17,0
Diagnostic Devices,USA,3,Yes,Hospitals,1,Device 246,Medical equipment,247,10,17,0
Diagnostic Devices,India,2,Yes,Clinics,14,Device 247,Medical equipment,248,10,17,1
Respiratory Devices,USA,1,No,Clinics,16,Device 248,Medical equipment,249,10,17,0
Diagnostic Devices,India,3,Yes,Clinics,14,Device 249,Medical equipment,250,10,17,1
Diagnostic Devices,UK,2,Yes,Clinics,3,Device 250,Medical equipment,251,10,17,0
Diagnostic Devices,USA,1,Yes,Clinics,3,Device 251,Medical equipment,252,10,17,1
Diagnostic Devices,UK,1,Yes,Hospitals,9,Device 252,Medical equipment,253,10,17,0
Cardiovascular Devices,USA,1,No,Hospitals,6,Device 253,Medical equipment,254,10,17,0
Cardiovascular Devices,India,1,No,Hospitals,13,Device 254,Medical equipment,255,10,17,1
Diagnostic Devices,UK,3,No,Clinics,2,Device 255,Medical equipment,256,10,17,0
Respiratory Devices,USA,3,Yes,Hospitals,8,Device 256,Medical equipment,257,10,17,0
Cardiovascular Devices,India,2,Yes,Hospitals,2,Device 257,Medical equipment,258,10,17,0
Diagnostic Devices,UK,2,No,Clinics,4,Device 258,Medical equipment,259,10,17,0
Cardiovascular Devices,UK,2,Yes,Clinics,15,Device 259,Medical equipment,260,10,17,0
Cardiovascular Devices,USA,1,Yes,Clinics,4,Device 260,Medical equipment,261,10,17,0
Respiratory Devices,USA,1,Yes,Hospitals,13,Device 261,Medical equipment,262,10,17,0
Diagnostic Devices,USA,3,Yes,Hospitals,12,Device 262,Medical equipment,263,10,17,1
Diagnostic Devices,India,1,No,Clinics,13,Device 263,Medical equipment,264,10,17,0
Respiratory Devices,USA,1,No,Clinics,14,Device 264,Medical equipment,265,10,17,1
Respiratory Devices,UK,1,No,Hospitals,18,Device 265,Medical equipment,266,10,17,1
Diagnostic Devices,UK,2,Yes,Hospitals,6,Device 266,Medical equipment,267,10,17,0
Diagnostic Devices,USA,2,No,Clinics,11,Device 267,Medical equipment,268,10,17,1
Respiratory Devices,USA,3,No,Clinics,2,Device 268,Medical equipment,269,10,17,1
Cardiovascular Devices,UK,1,Yes,Hospitals,19,Device 269,Medical equipment,270,10,17,1
Cardiovascular Devices,India,1,Yes,Clinics,19,Device 270,Medical equipment,271,10,17,1
Respiratory Devices,USA,3,No,Hospitals,5,Device 271,Medical equipment,272,10,17,0
Cardiovascular Devices,USA,1,No,Hospitals,19,Device 272,Medical equipment,273,10,17,1
Respiratory Devices,UK,1,No,Hospitals,2,Device 273,Medical equipment,274,10,17,0
Cardiovascular Devices,USA,2,No,Hospitals,10,Device 274,Medical equipment,275,10,17,1
Cardiovascular Devices,India,3,Yes,Clinics,2,Device 275,Medical equipment,276,10,17,0
Diagnostic Devices,UK,3,No,Clinics,11,Device 276,Medical equipment,277,10,17,1
Diagnostic Devices,USA,3,No,Hospitals,18,Device 277,Medical equipment,278,10,17,0
Cardiovascular Devices,UK,3,Yes,Hospitals,15,Device 278,Medical equipment,279,10,17,0
Cardiovascular Devices,USA,2,No,Hospitals,9,Device 279,Medical equipment,280,10,17,0
Diagnostic Devices,USA,2,Yes,Hospitals,19,Device 280,Medical equipment,281,10,17,0
Diagnostic Devices,USA,1,Yes,Hospitals,9,Device 281,Medical equipment,282,10,17,0
Diagnostic Devices,India,1,Yes,Clinics,3,Device 282,Medical equipment,283,10,17,0
Respiratory Devices,India,1,No,Clinics,9,Device 283,Medical equipment,284,10,17,0
Cardiovascular Devices,UK,1,No,Clinics,14,Device 284,Medical equipment,285,10,17,0
Diagnostic Devices,USA,2,Yes,Clinics,19,Device 285,Medical equipment,286,10,17,0
Cardiovascular Devices,USA,3,No,Hospitals,7,Device 286,Medical equipment,287,10,17,0
Respiratory Devices,India,2,No,Hospitals,16,Device 287,Medical equipment,288,10,17,1
Respiratory Devices,USA,1,Yes,Hospitals,16,Device 288,Medical equipment,289,10,17,1
Diagnostic Devices,India,2,Yes,Hospitals,1,Device 289,Medical equipment,290,10,17,1
Respiratory Devices,USA,3,No,Hospitals,4,Device 290,Medical equipment,291,10,17,1
Cardiovascular Devices,UK,3,Yes,Clinics,4,Device 291,Medical equipment,292,10,17,0
Diagnostic Devices,USA,2,No,Hospitals,7,Device 292,Medical equipment,293,10,17,0
Cardiovascular Devices,USA,2,No,Clinics,8,Device 293,Medical equipment,294,10,17,1
Cardiovascular Devices,India,2,No,Clinics,17,Device 294,Medical equipment,295,10,17,0
Respiratory Devices,USA,1,No,Clinics,5,Device 295,Medical equipment,296,10,17,1
Respiratory Devices,USA,2,Yes,Clinics,7,Device 296,Medical equipment,297,10,17,0
Respiratory Devices,India,2,Yes,Hospitals,4,Device 297,Medical equipment,298,10,17,0
Respiratory Devices,UK,2,Yes,Clinics,6,Device 298,Medical equipment,299,10,17,0
Respiratory Devices,UK,3,Yes,Clinics,7,Device 299,Medical equipment,300,10,17,0
Diagnostic Devices,India,3,No,Clinics,18,Device 300,Medical equipment,301,10,17,0
Cardiovascular Devices,India,1,No,Hospitals,5,Device 301,Medical equipment,302,10,17,0
Cardiovascular Devices,India,1,Yes,Hospitals,3,Device 302,Medical equipment,303,10,17,0
Cardiovascular Devices,India,3,No,Hospitals,7,Device 303,Medical equipment,304,10,17,0
Cardiovascular Devices,India,3,No,Clinics,14,Device 304,Medical equipment,305,10,17,1
Respiratory Devices,UK,3,No,Clinics,7,Device 305,Medical equipment,306,10,17,0
Cardiovascular Devices,UK,2,Yes,Hospitals,5,Device 306,Medical equipment,307,10,17,0
Diagnostic Devices,India,2,Yes,Clinics,5,Device 307,Medical equipment,308,10,17,1
Diagnostic Devices,USA,3,Yes,Hospitals,2,Device 308,Medical equipment,309,10,17,0
Cardiovascular Devices,India,2,No,Hospitals,6,Device 309,Medical equipment,310,10,17,1
Cardiovascular Devices,USA,2,Yes,Clinics,15,Device 310,Medical equipment,311,10,17,1
Diagnostic Devices,India,1,Yes,Clinics,10,Device 311,Medical equipment,312,10,17,0
Diagnostic Devices,India,3,Yes,Clinics,7,Device 312,Medical equipment,313,10,17,1
Respiratory Devices,UK,3,Yes,Clinics,5,Device 313,Medical equipment,314,10,17,0
Diagnostic Devices,USA,2,Yes,Hospitals,1,Device 314,Medical equipment,315,10,17,0
Respiratory Devices,USA,3,Yes,Hospitals,13,Device 315,Medical equipment,316,10,17,1
Respiratory Devices,UK,1,No,Hospitals,18,Device 316,Medical equipment,317,10,17,1
Respiratory Devices,UK,1,No,Hospitals,13,Device 317,Medical equipment,318,10,17,0
Respiratory Devices,UK,1,Yes,Hospitals,18,Device 318,Medical equipment,319,10,17,0
Respiratory Devices,UK,3,Yes,Clinics,5,Device 319,Medical equipment,320,10,17,1
Cardiovascular Devices,USA,3,No,Hospitals,13,Device 320,Medical equipment,321,10,17,1
Diagnostic Devices,USA,3,No,Hospitals,4,Device 321,Medical equipment,322,10,17,0
Respiratory Devices,India,3,Yes,Hospitals,17,Device 322,Medical equipment,323,10,17,0
Diagnostic Devices,India,3,Yes,Clinics,3,Device 323,Medical equipment,324,10,17,1
Diagnostic Devices,UK,1,Yes,Clinics,17,Device 324,Medical equipment,325,10,17,1
Respiratory Devices,UK,2,Yes,Clinics,11,Device 325,Medical equipment,326,10,17,0
Cardiovascular Devices,UK,1,No,Clinics,4,Device 326,Medical equipment,327,10,17,0
Respiratory Devices,India,3,Yes,Hospitals,2,Device 327,Medical equipment,328,10,17,0
Cardiovascular Devices,India,1,Yes,Hospitals,16,Device 328,Medical equipment,329,10,17,0
Diagnostic Devices,India,3,Yes,Clinics,18,Device 329,Medical equipment,330,10,17,0
Cardiovascular Devices,India,3,Yes,Clinics,8,Device 330,Medical equipment,331,10,17,1
Cardiovascular Devices,India,1,No,Hospitals,3,Device 331,Medical equipment,332,10,17,1
Cardiovascular Devices,India,3,No,Hospitals,9,Device 332,Medical equipment,333,10,17,0
Diagnostic Devices,India,2,No,Clinics,6,Device 333,Medical equipment,334,10,17,0
Diagnostic Devices,UK,3,Yes,Clinics,10,Device 334,Medical equipment,335,10,17,1
Cardiovascular Devices,UK,2,Yes,Clinics,10,Device 335,Medical equipment,336,10,17,0
Cardiovascular Devices,UK,2,No,Clinics,13,Device 336,Medical equipment,337,10,17,1
Respiratory Devices,UK,3,Yes,Hospitals,17,Device 337,Medical equipment,338,10,17,0
Cardiovascular Devices,India,1,Yes,Hospitals,9,Device 338,Medical equipment,339,10,17,0
Respiratory Devices,USA,2,No,Hospitals,17,Device 339,Medical equipment,340,10,17,1
Cardiovascular Devices,India,1,No,Clinics,9,Device 340,Medical equipment,341,10,17,1
Respiratory Devices,USA,2,No,Clinics,9,Device 341,Medical equipment,342,10,17,0
Diagnostic Devices,UK,3,No,Hospitals,1,Device 342,Medical equipment,343,10,17,0
Cardiovascular Devices,India,3,Yes,Hospitals,2,Device 343,Medical equipment,344,10,17,1
Cardiovascular Devices,UK,2,Yes,Hospitals,16,Device 344,Medical equipment,345,10,17,1
Cardiovascular Devices,India,3,No,Hospitals,1,Device 345,Medical equipment,346,10,17,0
Cardiovascular Devices,UK,2,Yes,Clinics,10,Device 346,Medical equipment,347,10,17,0
Respiratory Devices,USA,3,No,Hospitals,18,Device 347,Medical equipment,348,10,17,0
Cardiovascular Devices,USA,1,No,Hospitals,8,Device 348,Medical equipment,349,10,17,1
Diagnostic Devices,USA,3,Yes,Hospitals,11,Device 349,Medical equipment,350,10,17,1
Diagnostic Devices,India,1,No,Hospitals,2,Device 350,Medical equipment,351,10,17,0
Cardiovascular Devices,USA,3,Yes,Hospitals,8,Device 351,Medical equipment,352,10,17,0
Diagnostic Devices,India,1,Yes,Hospitals,8,Device 352,Medical equipment,353,10,17,0
Cardiovascular Devices,USA,3,Yes,Hospitals,17,Device 353,Medical equipment,354,10,17,0
Cardiovascular Devices,USA,1,Yes,Clinics,15,Device 354,Medical equipment,355,10,17,0
Diagnostic Devices,India,2,No,Clinics,17,Device 355,Medical equipment,356,10,17,0
Cardiovascular Devices,India,2,Yes,Clinics,13,Device 356,Medical equipment,357,10,17,1
Diagnostic Devices,USA,1,No,Clinics,19,Device 357,Medical equipment,358,10,17,0
Respiratory Devices,India,3,No,Hospitals,5,Device 358,Medical equipment,359,10,17,0
Cardiovascular Devices,USA,1,No,Clinics,12,Device 359,Medical equipment,360,10,17,0
Respiratory Devices,India,3,No,Clinics,1,Device 360,Medical equipment,361,10,17,0
Diagnostic Devices,UK,2,Yes,Hospitals,5,Device 361,Medical equipment,362,10,17,0
Respiratory Devices,UK,3,Yes,Hospitals,8,Device 362,Medical equipment,363,10,17,0
Respiratory Devices,UK,2,No,Clinics,13,Device 363,Medical equipment,364,10,17,1
Diagnostic Devices,UK,3,No,Clinics,8,Device 364,Medical equipment,365,10,17,1
Respiratory Devices,UK,3,Yes,Hospitals,11,Device 365,Medical equipment,366,10,17,1
Respiratory Devices,USA,3,No,Clinics,1,Device 366,Medical equipment,367,10,17,0
Diagnostic Devices,UK,1,Yes,Hospitals,13,Device 367,Medical equipment,368,10,17,0
Respiratory Devices,UK,1,No,Hospitals,19,Device 368,Medical equipment,369,10,17,1
Diagnostic Devices,UK,2,Yes,Hospitals,3,Device 369,Medical equipment,370,10,17,0
Respiratory Devices,UK,2,No,Hospitals,17,Device 370,Medical equipment,371,10,17,1
Diagnostic Devices,India,1,No,Clinics,5,Device 371,Medical equipment,372,10,17,0
Diagnostic Devices,USA,2,Yes,Hospitals,8,Device 372,Medical equipment,373,10,17,0
Respiratory Devices,UK,1,No,Hospitals,14,Device 373,Medical equipment,374,10,17,0
Respiratory Devices,UK,3,No,Clinics,4,Device 374,Medical equipment,375,10,17,0
Respiratory Devices,UK,2,Yes,Hospitals,11,Device 375,Medical equipment,376,10,17,1
Cardiovascular Devices,USA,2,No,Clinics,15,Device 376,Medical equipment,377,10,17,0
Cardiovascular Devices,India,1,Yes,Clinics,19,Device 377,Medical equipment,378,10,17,1
Cardiovascular Devices,USA,2,Yes,Clinics,7,Device 378,Medical equipment,379,10,17,0
Diagnostic Devices,India,2,No,Hospitals,19,Device 379,Medical equipment,380,10,17,1
Respiratory Devices,UK,3,No,Clinics,19,Device 380,Medical equipment,381,10,17,0
Diagnostic Devices,UK,2,No,Clinics,11,Device 381,Medical equipment,382,10,17,0
Cardiovascular Devices,USA,3,No,Hospitals,5,Device 382,Medical equipment,383,10,17,1
Respiratory Devices,USA,1,No,Clinics,5,Device 383,Medical equipment,384,10,17,1
Diagnostic Devices,India,2,No,Clinics,8,Device 384,Medical equipment,385,10,17,0
Respiratory Devices,India,3,No,Clinics,10,Device 385,Medical equipment,386,10,17,0
Diagnostic Devices,USA,1,Yes,Clinics,6,Device 386,Medical equipment,387,10,17,1
Respiratory Devices,India,2,No,Clinics,15,Device 387,Medical equipment,388,10,17,0
Cardiovascular Devices,USA,1,Yes,Hospitals,16,Device 388,Medical equipment,389,10,17,0
Cardiovascular Devices,India,2,No,Clinics,17,Device 389,Medical equipment,390,10,17,0
Respiratory Devices,USA,1,No,Clinics,8,Device 390,Medical equipment,391,10,17,1
Diagnostic Devices,USA,1,Yes,Hospitals,8,Device 391,Medical equipment,392,10,17,0
Cardiovascular Devices,USA,3,No,Hospitals,9,Device 392,Medical equipment,393,10,17,1
Cardiovascular Devices,India,1,No,Hospitals,2,Device 393,Medical equipment,394,10,17,0
Cardiovascular Devices,India,2,Yes,Clinics,15,Device 394,Medical equipment,395,10,17,1
Respiratory Devices,India,2,No,Hospitals,18,Device 395,Medical equipment,396,10,17,0
Respiratory Devices,USA,3,No,Clinics,3,Device 396,Medical equipment,397,10,17,0
Diagnostic Devices,India,2,No,Clinics,17,Device 397,Medical equipment,398,10,17,0
Diagnostic Devices,India,2,Yes,Hospitals,4,Device 398,Medical equipment,399,10,17,0
Diagnostic Devices,USA,2,No,Hospitals,4,Device 399,Medical equipment,400,10,17,1
Respiratory Devices,UK,1,No,Clinics,14,Device 400,Medical equipment,401,10,17,0
Respiratory Devices,USA,1,No,Hospitals,9,Device 401,Medical equipment,402,10,17,0
Diagnostic Devices,India,2,No,Clinics,9,Device 402,Medical equipment,403,10,17,1
Diagnostic Devices,USA,3,Yes,Hospitals,18,Device 403,Medical equipment,404,10,17,0
Respiratory Devices,UK,1,Yes,Hospitals,10,Device 404,Medical equipment,405,10,17,0
Diagnostic Devices,USA,3,No,Hospitals,4,Device 405,Medical equipment,406,10,17,0
Cardiovascular Devices,India,2,No,Clinics,12,Device 406,Medical equipment,407,10,17,0
Respiratory Devices,UK,2,Yes,Hospitals,8,Device 407,Medical equipment,408,10,17,0
Diagnostic Devices,India,1,Yes,Clinics,2,Device 408,Medical equipment,409,10,17,0
Respiratory Devices,UK,2,No,Clinics,13,Device 409,Medical equipment,410,10,17,0
Cardiovascular Devices,UK,1,Yes,Clinics,16,Device 410,Medical equipment,411,10,17,0
Respiratory Devices,USA,2,No,Clinics,2,Device 411,Medical equipment,412,10,17,0
Respiratory Devices,USA,2,Yes,Hospitals,11,Device 412,Medical equipment,413,10,17,0
Respiratory Devices,India,1,Yes,Clinics,10,Device 413,Medical equipment,414,10,17,0
Respiratory Devices,USA,1,Yes,Clinics,15,Device 414,Medical equipment,415,10,17,1
Cardiovascular Devices,USA,1,Yes,Hospitals,17,Device 415,Medical equipment,416,10,17,0
Respiratory Devices,UK,2,No,Clinics,8,Device 416,Medical equipment,417,10,17,1
Respiratory Devices,USA,2,Yes,Hospitals,18,Device 417,Medical equipment,418,10,17,1
Diagnostic Devices,UK,3,Yes,Clinics,9,Device 418,Medical equipment,419,10,17,1
Respiratory Devices,UK,1,No,Hospitals,8,Device 419,Medical equipment,420,10,17,0
Diagnostic Devices,UK,2,Yes,Clinics,14,Device 420,Medical equipment,421,10,17,0
Cardiovascular Devices,India,2,Yes,Hospitals,18,Device 421,Medical equipment,422,10,17,1
Cardiovascular Devices,India,1,No,Clinics,12,Device 422,Medical equipment,423,10,17,1
Cardiovascular Devices,India,3,Yes,Clinics,19,Device 423,Medical equipment,424,10,17,1
Cardiovascular Devices,UK,1,No,Hospitals,14,Device 424,Medical equipment,425,10,17,1
Diagnostic Devices,India,3,No,Hospitals,17,Device 425,Medical equipment,426,10,17,1
Respiratory Devices,India,2,No,Hospitals,3,Device 426,Medical equipment,427,10,17,0
Cardiovascular Devices,USA,3,No,Hospitals,7,Device 427,Medical equipment,428,10,17,0
Respiratory Devices,India,2,Yes,Clinics,17,Device 428,Medical equipment,429,10,17,0
Diagnostic Devices,India,1,No,Clinics,12,Device 429,Medical equipment,430,10,17,0
Diagnostic Devices,UK,1,Yes,Hospitals,9,Device 430,Medical equipment,431,10,17,1
Diagnostic Devices,UK,1,Yes,Clinics,15,Device 431,Medical equipment,432,10,17,1
Cardiovascular Devices,UK,3,Yes,Hospitals,18,Device 432,Medical equipment,433,10,17,0
Respiratory Devices,UK,2,Yes,Hospitals,13,Device 433,Medical equipment,434,10,17,0
Respiratory Devices,UK,1,Yes,Clinics,8,Device 434,Medical equipment,435,10,17,0
Respiratory Devices,UK,1,Yes,Clinics,14,Device 435,Medical equipment,436,10,17,1
Diagnostic Devices,India,2,Yes,Clinics,8,Device 436,Medical equipment,437,10,17,0
Cardiovascular Devices,UK,1,Yes,Clinics,14,Device 437,Medical equipment,438,10,17,1
Diagnostic Devices,UK,2,Yes,Clinics,7,Device 438,Medical equipment,439,10,17,0
Diagnostic Devices,USA,2,Yes,Clinics,12,Device 439,Medical equipment,440,10,17,1
Respiratory Devices,India,2,No,Clinics,11,Device 440,Medical equipment,441,10,17,1
Diagnostic Devices,India,2,No,Hospitals,11,Device 441,Medical equipment,442,10,17,1
Respiratory Devices,India,2,No,Hospitals,13,Device 442,Medical equipment,443,10,17,1
Cardiovascular Devices,UK,3,Yes,Hospitals,18,Device 443,Medical equipment,444,10,17,0
Respiratory Devices,UK,1,No,Hospitals,2,Device 444,Medical equipment,445,10,17,0
Cardiovascular Devices,UK,3,No,Hospitals,15,Device 445,Medical equipment,446,10,17,0
Respiratory Devices,USA,1,No,Clinics,18,Device 446,Medical equipment,447,10,17,1
Diagnostic Devices,UK,3,Yes,Hospitals,15,Device 447,Medical equipment,448,10,17,0
Diagnostic Devices,USA,2,Yes,Hospitals,19,Device 448,Medical equipment,449,10,17,1
Cardiovascular Devices,India,1,Yes,Hospitals,12,Device 449,Medical equipment,450,10,17,1
Cardiovascular Devices,UK,1,Yes,Hospitals,13,Device 450,Medical equipment,451,10,17,0
Cardiovascular Devices,USA,3,No,Hospitals,11,Device 451,Medical equipment,452,10,17,0
Respiratory Devices,USA,3,No,Hospitals,5,Device 452,Medical equipment,453,10,17,0
Respiratory Devices,UK,1,No,Hospitals,1,Device 453,Medical equipment,454,10,17,0
Cardiovascular Devices,India,3,No,Clinics,3,Device 454,Medical equipment,455,10,17,0
Diagnostic Devices,India,3,Yes,Clinics,19,Device 455,Medical equipment,456,10,17,1
Respiratory Devices,India,3,Yes,Hospitals,7,Device 456,Medical equipment,457,10,17,0
Respiratory Devices,USA,2,Yes,Clinics,12,Device 457,Medical equipment,458,10,17,0
Respiratory Devices,USA,2,No,Clinics,15,Device 458,Medical equipment,459,10,17,0
Cardiovascular Devices,USA,3,Yes,Clinics,5,Device 459,Medical equipment,460,10,17,0
Cardiovascular Devices,USA,3,Yes,Clinics,15,Device 460,Medical equipment,461,10,17,1
Cardiovascular Devices,India,2,No,Hospitals,8,Device 461,Medical equipment,462,10,17,0
Cardiovascular Devices,UK,2,No,Clinics,10,Device 462,Medical equipment,463,10,17,0
Cardiovascular Devices,USA,1,Yes,Clinics,16,Device 463,Medical equipment,464,10,17,0
Diagnostic Devices,USA,1,Yes,Clinics,8,Device 464,Medical equipment,465,10,17,1
Diagnostic Devices,India,2,Yes,Hospitals,1,Device 465,Medical equipment,466,10,17,1
Cardiovascular Devices,UK,3,Yes,Hospitals,12,Device 466,Medical equipment,467,10,17,0
Respiratory Devices,UK,3,Yes,Hospitals,5,Device 467,Medical equipment,468,10,17,0
Cardiovascular Devices,India,3,Yes,Hospitals,3,Device 468,Medical equipment,469,10,17,0
Diagnostic Devices,India,3,No,Hospitals,1,Device 469,Medical equipment,470,10,17,1
Diagnostic Devices,UK,1,No,Hospitals,4,Device 470,Medical equipment,471,10,17,0
Respiratory Devices,USA,2,No,Hospitals,8,Device 471,Medical equipment,472,10,17,1
Diagnostic Devices,UK,3,Yes,Clinics,3,Device 472,Medical equipment,473,10,17,1
Cardiovascular Devices,India,1,No,Clinics,10,Device 473,Medical equipment,474,10,17,0
Respiratory Devices,USA,3,Yes,Clinics,2,Device 474,Medical equipment,475,10,17,0
Cardiovascular Devices,USA,2,Yes,Hospitals,11,Device 475,Medical equipment,476,10,17,1
Cardiovascular Devices,India,1,No,Hospitals,10,Device 476,Medical equipment,477,10,17,1
Respiratory Devices,India,2,Yes,Hospitals,14,Device 477,Medical equipment,478,10,17,0
Cardiovascular Devices,India,2,Yes,Hospitals,7,Device 478,Medical equipment,479,10,17,1
Diagnostic Devices,UK,1,No,Hospitals,2,Device 479,Medical equipment,480,10,17,1
Cardiovascular Devices,UK,1,No,Clinics,9,Device 480,Medical equipment,481,10,17,0
Respiratory Devices,USA,1,No,Clinics,16,Device 481,Medical equipment,482,10,17,0
Respiratory Devices,India,1,Yes,Hospitals,13,Device 482,Medical equipment,483,10,17,0
Respiratory Devices,USA,1,No,Hospitals,9,Device 483,Medical equipment,484,10,17,0
Cardiovascular Devices,USA,1,No,Hospitals,4,Device 484,Medical equipment,485,10,17,0
Respiratory Devices,USA,1,Yes,Hospitals,10,Device 485,Medical equipment,486,10,17,1
Respiratory Devices,USA,3,No,Clinics,12,Device 486,Medical equipment,487,10,17,0
Cardiovascular Devices,India,2,No,Hospitals,17,Device 487,Medical equipment,488,10,17,0
Diagnostic Devices,USA,1,No,Hospitals,14,Device 488,Medical equipment,489,10,17,0
Cardiovascular Devices,India,3,Yes,Hospitals,14,Device 489,Medical equipment,490,10,17,0
Respiratory Devices,India,3,Yes,Hospitals,2,Device 490,Medical equipment,491,10,17,0
Respiratory Devices,UK,3,Yes,Clinics,11,Device 491,Medical equipment,492,10,17,0
Cardiovascular Devices,India,2,Yes,Hospitals,16,Device 492,Medical equipment,493,10,17,0
Diagnostic Devices,UK,1,No,Hospitals,19,Device 493,Medical equipment,494,10,17,1
Respiratory Devices,India,3,Yes,Clinics,6,Device 494,Medical equipment,495,10,17,0
Respiratory Devices,India,2,Yes,Clinics,19,Device 495,Medical equipment,496,10,17,0
Respiratory Devices,India,2,No,Clinics,5,Device 496,Medical equipment,497,10,17,0
Cardiovascular Devices,UK,2,No,Hospitals,4,Device 497,Medical equipment,498,10,17,0
Respiratory Devices,UK,3,No,Hospitals,15,Device 498,Medical equipment,499,10,17,1
Diagnostic Devices,USA,1,Yes,Clinics,4,Device 499,Medical equipment,500,10,17,1
